operating_point,pathology,threshold,n_opportunities,n_positive,fired,sensitivity,ppv,alert_rate,smoke_test
frozen_primary,Infiltration,0.43,22799,5887,18632,0.8916,0.2817,0.8172,False
frozen_primary,Effusion,0.63,22799,4520,8984,0.6374,0.3207,0.3941,False
frozen_primary,Atelectasis,0.52,22799,3122,14356,0.7886,0.1715,0.6297,False
frozen_primary,Nodule,0.5,22799,1465,10669,0.5952,0.0817,0.468,False
frozen_primary,Mass,0.51,22799,1582,11283,0.6397,0.0897,0.4949,False
frozen_primary,Consolidation,0.3,22799,1768,18090,0.9395,0.0918,0.7935,False
frozen_primary,Pneumothorax,0.3,22799,2633,14572,0.869,0.157,0.6392,False
frozen_primary,Pleural_Thickening,0.31,22799,1041,15138,0.8329,0.0573,0.664,False
frozen_primary,Cardiomegaly,0.44,22799,974,5278,0.5421,0.1,0.2315,False
frozen_primary,Edema,0.32,22799,911,9190,0.7706,0.0764,0.4031,False
frozen_primary,Emphysema,0.24,22799,1058,11453,0.6711,0.062,0.5023,False
frozen_primary,Fibrosis,0.28,22799,367,5087,0.4986,0.036,0.2231,False
frozen_primary,Pneumonia,0.12,22799,528,16125,0.7765,0.0254,0.7073,False
fixed_0.50,Infiltration,0.5,22799,5887,15800,0.7929,0.2954,0.693,False
fixed_0.50,Effusion,0.5,22799,4520,12978,0.8124,0.2829,0.5692,False
fixed_0.50,Atelectasis,0.5,22799,3122,15073,0.8136,0.1685,0.6611,False
fixed_0.50,Nodule,0.5,22799,1465,10669,0.5952,0.0817,0.468,False
fixed_0.50,Mass,0.5,22799,1582,11754,0.6555,0.0882,0.5155,False
fixed_0.50,Consolidation,0.5,22799,1768,14684,0.8546,0.1029,0.6441,False
fixed_0.50,Pneumothorax,0.5,22799,2633,8492,0.6476,0.2008,0.3725,False
fixed_0.50,Pleural_Thickening,0.5,22799,1041,8131,0.5581,0.0715,0.3566,False
fixed_0.50,Cardiomegaly,0.5,22799,974,3892,0.4569,0.1143,0.1707,False
fixed_0.50,Edema,0.5,22799,911,5227,0.5148,0.0897,0.2293,False
fixed_0.50,Emphysema,0.5,22799,1058,3562,0.276,0.082,0.1562,False
fixed_0.50,Fibrosis,0.5,22799,367,1599,0.218,0.05,0.0701,False
fixed_0.50,Pneumonia,0.5,22799,528,741,0.0473,0.0337,0.0325,False
fixed_0.75,Infiltration,0.75,22799,5887,2976,0.1986,0.3928,0.1305,False
fixed_0.75,Effusion,0.75,22799,4520,4961,0.4066,0.3705,0.2176,False
fixed_0.75,Atelectasis,0.75,22799,3122,3645,0.2771,0.2373,0.1599,False
fixed_0.75,Nodule,0.75,22799,1465,839,0.071,0.124,0.0368,False
fixed_0.75,Mass,0.75,22799,1582,2078,0.1764,0.1343,0.0911,False
fixed_0.75,Consolidation,0.75,22799,1768,8058,0.5481,0.1203,0.3534,False
fixed_0.75,Pneumothorax,0.75,22799,2633,2771,0.2909,0.2764,0.1215,False
fixed_0.75,Pleural_Thickening,0.75,22799,1041,1758,0.1777,0.1052,0.0771,False
fixed_0.75,Cardiomegaly,0.75,22799,974,755,0.1869,0.2411,0.0331,False
fixed_0.75,Edema,0.75,22799,911,1113,0.1405,0.115,0.0488,False
fixed_0.75,Emphysema,0.75,22799,1058,631,0.0633,0.1062,0.0277,False
fixed_0.75,Fibrosis,0.75,22799,367,132,0.0163,0.0455,0.0058,False
fixed_0.75,Pneumonia,0.75,22799,528,66,0.0038,0.0303,0.0029,False
validation_sens_floor_0.80,Infiltration,0.37,22799,5887,20425,0.947,0.2729,0.8959,False
validation_sens_floor_0.80,Effusion,0.32,22799,4520,17430,0.942,0.2443,0.7645,False
validation_sens_floor_0.80,Atelectasis,0.29,22799,3122,20176,0.9548,0.1477,0.885,False
validation_sens_floor_0.80,Nodule,0.4,22799,1465,16403,0.8205,0.0733,0.7195,False
validation_sens_floor_0.80,Mass,0.32,22799,1582,18899,0.9109,0.0762,0.8289,False
validation_sens_floor_0.80,Consolidation,0.08,22799,1768,21625,0.9881,0.0808,0.9485,False
validation_sens_floor_0.80,Pneumothorax,0.13,22799,2633,20161,0.9711,0.1268,0.8843,False
validation_sens_floor_0.80,Pleural_Thickening,0.13,22799,1041,20940,0.975,0.0485,0.9185,False
validation_sens_floor_0.80,Cardiomegaly,0.24,22799,974,11825,0.8049,0.0663,0.5187,False
validation_sens_floor_0.80,Edema,0.23,22799,911,11689,0.8518,0.0664,0.5127,False
validation_sens_floor_0.80,Emphysema,0.1,22799,1058,18199,0.913,0.0531,0.7982,False
validation_sens_floor_0.80,Fibrosis,0.11,22799,367,12545,0.8093,0.0237,0.5502,False
validation_sens_floor_0.80,Pneumonia,0.05,22799,528,21084,0.9356,0.0234,0.9248,False
grid_0.10,Infiltration,0.1,22799,5887,22769,0.9995,0.2584,0.9987,False
grid_0.10,Effusion,0.1,22799,4520,22015,0.9967,0.2046,0.9656,False
grid_0.10,Atelectasis,0.1,22799,3122,22437,0.9962,0.1386,0.9841,False
grid_0.10,Nodule,0.1,22799,1465,22759,0.9973,0.0642,0.9982,False
grid_0.10,Mass,0.1,22799,1582,22523,0.9937,0.0698,0.9879,False
grid_0.10,Consolidation,0.1,22799,1768,21285,0.9842,0.0817,0.9336,False
grid_0.10,Pneumothorax,0.1,22799,2633,21044,0.9825,0.1229,0.923,False
grid_0.10,Pleural_Thickening,0.1,22799,1041,21602,0.9875,0.0476,0.9475,False
grid_0.10,Cardiomegaly,0.1,22799,974,18316,0.9661,0.0514,0.8034,False
grid_0.10,Edema,0.1,22799,911,16783,0.9561,0.0519,0.7361,False
grid_0.10,Emphysema,0.1,22799,1058,18199,0.913,0.0531,0.7982,False
grid_0.10,Fibrosis,0.1,22799,367,13331,0.8174,0.0225,0.5847,False
grid_0.10,Pneumonia,0.1,22799,528,17649,0.8258,0.0247,0.7741,False
grid_0.15,Infiltration,0.15,22799,5887,22685,0.9981,0.259,0.995,False
grid_0.15,Effusion,0.15,22799,4520,21104,0.9903,0.2121,0.9257,False
grid_0.15,Atelectasis,0.15,22799,3122,21993,0.9894,0.1405,0.9646,False
grid_0.15,Nodule,0.15,22799,1465,22641,0.9932,0.0643,0.9931,False
grid_0.15,Mass,0.15,22799,1582,22170,0.9842,0.0702,0.9724,False
grid_0.15,Consolidation,0.15,22799,1768,20441,0.9723,0.0841,0.8966,False
grid_0.15,Pneumothorax,0.15,22799,2633,19583,0.9662,0.1299,0.8589,False
grid_0.15,Pleural_Thickening,0.15,22799,1041,20478,0.9616,0.0489,0.8982,False
grid_0.15,Cardiomegaly,0.15,22799,974,15932,0.9189,0.0562,0.6988,False
grid_0.15,Edema,0.15,22799,911,14440,0.9254,0.0584,0.6334,False
grid_0.15,Emphysema,0.15,22799,1058,15620,0.8459,0.0573,0.6851,False
grid_0.15,Fibrosis,0.15,22799,367,9874,0.7193,0.0267,0.4331,False
grid_0.15,Pneumonia,0.15,22799,528,13725,0.6629,0.0255,0.602,False
grid_0.20,Infiltration,0.2,22799,5887,22497,0.9942,0.2602,0.9868,False
grid_0.20,Effusion,0.2,22799,4520,20032,0.9823,0.2216,0.8786,False
grid_0.20,Atelectasis,0.2,22799,3122,21468,0.9782,0.1423,0.9416,False
grid_0.20,Nodule,0.2,22799,1465,22312,0.9891,0.0649,0.9786,False
grid_0.20,Mass,0.2,22799,1582,21546,0.9747,0.0716,0.945,False
grid_0.20,Consolidation,0.2,22799,1768,19688,0.9655,0.0867,0.8635,False
grid_0.20,Pneumothorax,0.2,22799,2633,17922,0.9377,0.1378,0.7861,False
grid_0.20,Pleural_Thickening,0.2,22799,1041,19004,0.9385,0.0514,0.8335,False
grid_0.20,Cardiomegaly,0.2,22799,974,13588,0.8604,0.0617,0.596,False
grid_0.20,Edema,0.2,22799,911,12662,0.8804,0.0633,0.5554,False
grid_0.20,Emphysema,0.2,22799,1058,13226,0.7561,0.0605,0.5801,False
grid_0.20,Fibrosis,0.2,22799,367,7469,0.6267,0.0308,0.3276,False
grid_0.20,Pneumonia,0.2,22799,528,9891,0.4924,0.0263,0.4338,False
grid_0.25,Infiltration,0.25,22799,5887,22189,0.9886,0.2623,0.9732,False
grid_0.25,Effusion,0.25,22799,4520,18993,0.9681,0.2304,0.8331,False
grid_0.25,Atelectasis,0.25,22799,3122,20805,0.967,0.1451,0.9125,False
grid_0.25,Nodule,0.25,22799,1465,21603,0.9734,0.066,0.9475,False
grid_0.25,Mass,0.25,22799,1582,20647,0.9526,0.073,0.9056,False
grid_0.25,Consolidation,0.25,22799,1768,18914,0.9548,0.0892,0.8296,False
grid_0.25,Pneumothorax,0.25,22799,2633,16272,0.9077,0.1469,0.7137,False
grid_0.25,Pleural_Thickening,0.25,22799,1041,17325,0.8943,0.0537,0.7599,False
grid_0.25,Cardiomegaly,0.25,22799,974,11424,0.7875,0.0671,0.5011,False
grid_0.25,Edema,0.25,22799,911,11068,0.8408,0.0692,0.4855,False
grid_0.25,Emphysema,0.25,22799,1058,10994,0.6531,0.0629,0.4822,False
grid_0.25,Fibrosis,0.25,22799,367,5835,0.5422,0.0341,0.2559,False
grid_0.25,Pneumonia,0.25,22799,528,6643,0.3655,0.0291,0.2914,False
grid_0.30,Infiltration,0.3,22799,5887,21653,0.9777,0.2658,0.9497,False
grid_0.30,Effusion,0.3,22799,4520,17893,0.9491,0.2398,0.7848,False
grid_0.30,Atelectasis,0.3,22799,3122,20009,0.952,0.1485,0.8776,False
grid_0.30,Nodule,0.3,22799,1465,20467,0.9352,0.0669,0.8977,False
grid_0.30,Mass,0.3,22799,1582,19490,0.9248,0.0751,0.8549,False
grid_0.30,Consolidation,0.3,22799,1768,18090,0.9395,0.0918,0.7935,False
grid_0.30,Pneumothorax,0.3,22799,2633,14572,0.869,0.157,0.6392,False
grid_0.30,Pleural_Thickening,0.3,22799,1041,15507,0.8463,0.0568,0.6802,False
grid_0.30,Cardiomegaly,0.3,22799,974,9516,0.7207,0.0738,0.4174,False
grid_0.30,Edema,0.3,22799,911,9687,0.7892,0.0742,0.4249,False
grid_0.30,Emphysema,0.3,22799,1058,9039,0.5643,0.066,0.3965,False
grid_0.30,Fibrosis,0.3,22799,367,4634,0.4687,0.0371,0.2033,False
grid_0.30,Pneumonia,0.3,22799,528,4414,0.2424,0.029,0.1936,False
grid_0.35,Infiltration,0.35,22799,5887,20857,0.9597,0.2709,0.9148,False
grid_0.35,Effusion,0.35,22799,4520,16763,0.929,0.2505,0.7353,False
grid_0.35,Atelectasis,0.35,22799,3122,19109,0.9302,0.152,0.8382,False
grid_0.35,Nodule,0.35,22799,1465,18755,0.8922,0.0697,0.8226,False
grid_0.35,Mass,0.35,22799,1582,17912,0.8812,0.0778,0.7856,False
grid_0.35,Consolidation,0.35,22799,1768,17317,0.927,0.0946,0.7596,False
grid_0.35,Pneumothorax,0.35,22799,2633,12882,0.823,0.1682,0.565,False
grid_0.35,Pleural_Thickening,0.35,22799,1041,13663,0.7714,0.0588,0.5993,False
grid_0.35,Cardiomegaly,0.35,22799,974,7784,0.6458,0.0808,0.3414,False
grid_0.35,Edema,0.35,22799,911,8477,0.7475,0.0803,0.3718,False
grid_0.35,Emphysema,0.35,22799,1058,7332,0.4716,0.0681,0.3216,False
grid_0.35,Fibrosis,0.35,22799,367,3646,0.3924,0.0395,0.1599,False
grid_0.35,Pneumonia,0.35,22799,528,2888,0.1629,0.0298,0.1267,False
grid_0.40,Infiltration,0.4,22799,5887,19583,0.9224,0.2773,0.8589,False
grid_0.40,Effusion,0.4,22799,4520,15623,0.8982,0.2599,0.6852,False
grid_0.40,Atelectasis,0.4,22799,3122,18010,0.9058,0.157,0.7899,False
grid_0.40,Nodule,0.4,22799,1465,16403,0.8205,0.0733,0.7195,False
grid_0.40,Mass,0.4,22799,1582,16079,0.8249,0.0812,0.7053,False
grid_0.40,Consolidation,0.4,22799,1768,16501,0.9106,0.0976,0.7238,False
grid_0.40,Pneumothorax,0.4,22799,2633,11351,0.7695,0.1785,0.4979,False
grid_0.40,Pleural_Thickening,0.4,22799,1041,11744,0.7137,0.0633,0.5151,False
grid_0.40,Cardiomegaly,0.4,22799,974,6300,0.5883,0.091,0.2763,False
grid_0.40,Edema,0.4,22799,911,7323,0.6751,0.084,0.3212,False
grid_0.40,Emphysema,0.4,22799,1058,5831,0.3913,0.071,0.2558,False
grid_0.40,Fibrosis,0.4,22799,367,2825,0.3515,0.0457,0.1239,False
grid_0.40,Pneumonia,0.4,22799,528,1864,0.0985,0.0279,0.0818,False
grid_0.45,Infiltration,0.45,22799,5887,17896,0.8675,0.2854,0.7849,False
grid_0.45,Effusion,0.45,22799,4520,14347,0.8613,0.2713,0.6293,False
grid_0.45,Atelectasis,0.45,22799,3122,16653,0.8623,0.1617,0.7304,False
grid_0.45,Nodule,0.45,22799,1465,13597,0.7188,0.0774,0.5964,False
grid_0.45,Mass,0.45,22799,1582,14014,0.7522,0.0849,0.6147,False
grid_0.45,Consolidation,0.45,22799,1768,15611,0.8852,0.1002,0.6847,False
grid_0.45,Pneumothorax,0.45,22799,2633,9901,0.7171,0.1907,0.4343,False
grid_0.45,Pleural_Thickening,0.45,22799,1041,9883,0.6321,0.0666,0.4335,False
grid_0.45,Cardiomegaly,0.45,22799,974,5031,0.5298,0.1026,0.2207,False
grid_0.45,Edema,0.45,22799,911,6237,0.6059,0.0885,0.2736,False
grid_0.45,Emphysema,0.45,22799,1058,4586,0.3308,0.0763,0.2011,False
grid_0.45,Fibrosis,0.45,22799,367,2151,0.2698,0.046,0.0943,False
grid_0.45,Pneumonia,0.45,22799,528,1168,0.0682,0.0308,0.0512,False
grid_0.50,Infiltration,0.5,22799,5887,15800,0.7929,0.2954,0.693,False
grid_0.50,Effusion,0.5,22799,4520,12978,0.8124,0.2829,0.5692,False
grid_0.50,Atelectasis,0.5,22799,3122,15073,0.8136,0.1685,0.6611,False
grid_0.50,Nodule,0.5,22799,1465,10669,0.5952,0.0817,0.468,False
grid_0.50,Mass,0.5,22799,1582,11754,0.6555,0.0882,0.5155,False
grid_0.50,Consolidation,0.5,22799,1768,14684,0.8546,0.1029,0.6441,False
grid_0.50,Pneumothorax,0.5,22799,2633,8492,0.6476,0.2008,0.3725,False
grid_0.50,Pleural_Thickening,0.5,22799,1041,8131,0.5581,0.0715,0.3566,False
grid_0.50,Cardiomegaly,0.5,22799,974,3892,0.4569,0.1143,0.1707,False
grid_0.50,Edema,0.5,22799,911,5227,0.5148,0.0897,0.2293,False
grid_0.50,Emphysema,0.5,22799,1058,3562,0.276,0.082,0.1562,False
grid_0.50,Fibrosis,0.5,22799,367,1599,0.218,0.05,0.0701,False
grid_0.50,Pneumonia,0.5,22799,528,741,0.0473,0.0337,0.0325,False
grid_0.55,Infiltration,0.55,22799,5887,13290,0.7002,0.3102,0.5829,False
grid_0.55,Effusion,0.55,22799,4520,11478,0.75,0.2953,0.5034,False
grid_0.55,Atelectasis,0.55,22799,3122,13187,0.7479,0.1771,0.5784,False
grid_0.55,Nodule,0.55,22799,1465,7740,0.4683,0.0886,0.3395,False
grid_0.55,Mass,0.55,22799,1582,9452,0.5588,0.0935,0.4146,False
grid_0.55,Consolidation,0.55,22799,1768,13653,0.815,0.1055,0.5988,False
grid_0.55,Pneumothorax,0.55,22799,2633,7175,0.5792,0.2125,0.3147,False
grid_0.55,Pleural_Thickening,0.55,22799,1041,6491,0.4822,0.0773,0.2847,False
grid_0.55,Cardiomegaly,0.55,22799,974,2986,0.385,0.1256,0.131,False
grid_0.55,Edema,0.55,22799,911,4267,0.4446,0.0949,0.1872,False
grid_0.55,Emphysema,0.55,22799,1058,2704,0.2164,0.0847,0.1186,False
grid_0.55,Fibrosis,0.55,22799,367,1134,0.1717,0.0556,0.0497,False
grid_0.55,Pneumonia,0.55,22799,528,476,0.0284,0.0315,0.0209,False
grid_0.60,Infiltration,0.6,22799,5887,10472,0.5949,0.3344,0.4593,False
grid_0.60,Effusion,0.6,22799,4520,9971,0.6827,0.3095,0.4373,False
grid_0.60,Atelectasis,0.6,22799,3122,11039,0.6579,0.1861,0.4842,False
grid_0.60,Nodule,0.6,22799,1465,5167,0.3338,0.0946,0.2266,False
grid_0.60,Mass,0.6,22799,1582,7240,0.4633,0.1012,0.3176,False
grid_0.60,Consolidation,0.6,22799,1768,12467,0.7681,0.1089,0.5468,False
grid_0.60,Pneumothorax,0.6,22799,2633,5880,0.5108,0.2287,0.2579,False
grid_0.60,Pleural_Thickening,0.6,22799,1041,5056,0.4063,0.0837,0.2218,False
grid_0.60,Cardiomegaly,0.6,22799,974,2203,0.3152,0.1394,0.0966,False
grid_0.60,Edema,0.6,22799,911,3367,0.3655,0.0989,0.1477,False
grid_0.60,Emphysema,0.6,22799,1058,1947,0.1635,0.0889,0.0854,False
grid_0.60,Fibrosis,0.6,22799,367,780,0.1172,0.0551,0.0342,False
grid_0.60,Pneumonia,0.6,22799,528,301,0.0189,0.0332,0.0132,False
grid_0.65,Infiltration,0.65,22799,5887,7686,0.4624,0.3542,0.3371,False
grid_0.65,Effusion,0.65,22799,4520,8359,0.6062,0.3278,0.3666,False
grid_0.65,Atelectasis,0.65,22799,3122,8540,0.5455,0.1994,0.3746,False
grid_0.65,Nodule,0.65,22799,1465,3152,0.2232,0.1037,0.1383,False
grid_0.65,Mass,0.65,22799,1582,5237,0.3748,0.1132,0.2297,False
grid_0.65,Consolidation,0.65,22799,1768,11183,0.7189,0.1137,0.4905,False
grid_0.65,Pneumothorax,0.65,22799,2633,4710,0.4398,0.2459,0.2066,False
grid_0.65,Pleural_Thickening,0.65,22799,1041,3791,0.3391,0.0931,0.1663,False
grid_0.65,Cardiomegaly,0.65,22799,974,1615,0.271,0.1635,0.0708,False
grid_0.65,Edema,0.65,22799,911,2558,0.2975,0.1059,0.1122,False
grid_0.65,Emphysema,0.65,22799,1058,1407,0.1238,0.0931,0.0617,False
grid_0.65,Fibrosis,0.65,22799,367,495,0.0763,0.0566,0.0217,False
grid_0.65,Pneumonia,0.65,22799,528,188,0.0095,0.0266,0.0082,False
grid_0.70,Infiltration,0.7,22799,5887,5061,0.3224,0.375,0.222,False
grid_0.70,Effusion,0.7,22799,4520,6686,0.5153,0.3483,0.2933,False
grid_0.70,Atelectasis,0.7,22799,3122,6034,0.4257,0.2203,0.2647,False
grid_0.70,Nodule,0.7,22799,1465,1720,0.1345,0.1145,0.0754,False
grid_0.70,Mass,0.7,22799,1582,3480,0.2642,0.1201,0.1526,False
grid_0.70,Consolidation,0.7,22799,1768,9725,0.6471,0.1176,0.4266,False
grid_0.70,Pneumothorax,0.7,22799,2633,3670,0.36,0.2583,0.161,False
grid_0.70,Pleural_Thickening,0.7,22799,1041,2669,0.2584,0.1008,0.1171,False
grid_0.70,Cardiomegaly,0.7,22799,974,1140,0.2361,0.2018,0.05,False
grid_0.70,Edema,0.7,22799,911,1813,0.2294,0.1153,0.0795,False
grid_0.70,Emphysema,0.7,22799,1058,966,0.087,0.0952,0.0424,False
grid_0.70,Fibrosis,0.7,22799,367,279,0.0381,0.0502,0.0122,False
grid_0.70,Pneumonia,0.7,22799,528,113,0.0057,0.0265,0.005,False
grid_0.75,Infiltration,0.75,22799,5887,2976,0.1986,0.3928,0.1305,False
grid_0.75,Effusion,0.75,22799,4520,4961,0.4066,0.3705,0.2176,False
grid_0.75,Atelectasis,0.75,22799,3122,3645,0.2771,0.2373,0.1599,False
grid_0.75,Nodule,0.75,22799,1465,839,0.071,0.124,0.0368,False
grid_0.75,Mass,0.75,22799,1582,2078,0.1764,0.1343,0.0911,False
grid_0.75,Consolidation,0.75,22799,1768,8058,0.5481,0.1203,0.3534,False
grid_0.75,Pneumothorax,0.75,22799,2633,2771,0.2909,0.2764,0.1215,False
grid_0.75,Pleural_Thickening,0.75,22799,1041,1758,0.1777,0.1052,0.0771,False
grid_0.75,Cardiomegaly,0.75,22799,974,755,0.1869,0.2411,0.0331,False
grid_0.75,Edema,0.75,22799,911,1113,0.1405,0.115,0.0488,False
grid_0.75,Emphysema,0.75,22799,1058,631,0.0633,0.1062,0.0277,False
grid_0.75,Fibrosis,0.75,22799,367,132,0.0163,0.0455,0.0058,False
grid_0.75,Pneumonia,0.75,22799,528,66,0.0038,0.0303,0.0029,False
grid_0.80,Infiltration,0.8,22799,5887,1380,0.0975,0.4159,0.0605,False
grid_0.80,Effusion,0.8,22799,4520,3374,0.2991,0.4007,0.148,False
grid_0.80,Atelectasis,0.8,22799,3122,1820,0.1611,0.2764,0.0798,False
grid_0.80,Nodule,0.8,22799,1465,333,0.0348,0.1532,0.0146,False
grid_0.80,Mass,0.8,22799,1582,1072,0.1056,0.1558,0.047,False
grid_0.80,Consolidation,0.8,22799,1768,5927,0.4072,0.1215,0.26,False
grid_0.80,Pneumothorax,0.8,22799,2633,1893,0.2127,0.2958,0.083,False
grid_0.80,Pleural_Thickening,0.8,22799,1041,1018,0.1085,0.111,0.0447,False
grid_0.80,Cardiomegaly,0.8,22799,974,484,0.1458,0.2934,0.0212,False
grid_0.80,Edema,0.8,22799,911,595,0.0746,0.1143,0.0261,False
grid_0.80,Emphysema,0.8,22799,1058,348,0.0369,0.1121,0.0153,False
grid_0.80,Fibrosis,0.8,22799,367,50,0.0082,0.06,0.0022,False
grid_0.80,Pneumonia,0.8,22799,528,40,0.0019,0.025,0.0018,False
grid_0.85,Infiltration,0.85,22799,5887,413,0.0314,0.4479,0.0181,False
grid_0.85,Effusion,0.85,22799,4520,1893,0.185,0.4416,0.083,False
grid_0.85,Atelectasis,0.85,22799,3122,583,0.0586,0.3139,0.0256,False
grid_0.85,Nodule,0.85,22799,1465,107,0.0184,0.2523,0.0047,False
grid_0.85,Mass,0.85,22799,1582,430,0.0449,0.1651,0.0189,False
grid_0.85,Consolidation,0.85,22799,1768,3533,0.2517,0.126,0.155,False
grid_0.85,Pneumothorax,0.85,22799,2633,1152,0.1295,0.296,0.0505,False
grid_0.85,Pleural_Thickening,0.85,22799,1041,448,0.0461,0.1071,0.0196,False
grid_0.85,Cardiomegaly,0.85,22799,974,316,0.1119,0.3449,0.0139,False
grid_0.85,Edema,0.85,22799,911,216,0.0198,0.0833,0.0095,False
grid_0.85,Emphysema,0.85,22799,1058,176,0.0217,0.1307,0.0077,False
grid_0.85,Fibrosis,0.85,22799,367,15,0.0027,0.0667,0.0007,False
grid_0.85,Pneumonia,0.85,22799,528,25,0.0019,0.04,0.0011,False
grid_0.90,Infiltration,0.9,22799,5887,75,0.0053,0.4133,0.0033,False
grid_0.90,Effusion,0.9,22799,4520,716,0.0834,0.5265,0.0314,False
grid_0.90,Atelectasis,0.9,22799,3122,94,0.0141,0.4681,0.0041,False
grid_0.90,Nodule,0.9,22799,1465,23,0.0055,0.3478,0.001,False
grid_0.90,Mass,0.9,22799,1582,112,0.0145,0.2054,0.0049,False
grid_0.90,Consolidation,0.9,22799,1768,1289,0.0899,0.1234,0.0565,False
grid_0.90,Pneumothorax,0.9,22799,2633,539,0.0687,0.3358,0.0236,False
grid_0.90,Pleural_Thickening,0.9,22799,1041,142,0.0163,0.1197,0.0062,False
grid_0.90,Cardiomegaly,0.9,22799,974,180,0.077,0.4167,0.0079,False
grid_0.90,Edema,0.9,22799,911,34,0.0044,0.1176,0.0015,False
grid_0.90,Emphysema,0.9,22799,1058,64,0.0104,0.1719,0.0028,False
grid_0.90,Fibrosis,0.9,22799,367,4,0.0,0.0,0.0002,False
grid_0.90,Pneumonia,0.9,22799,528,15,0.0019,0.0667,0.0007,False
